Name,Start-date(yyyy/mm/dd),End-date(yyyy/mm/dd),Registration status,Remaining Days,Event Url
Hash Code,2022-01-07,2022-04-30,STARTED,1 month left,https://dare2compete.com/hackathon/hash-code-google-253220
"Launchology Vision | INR 44,570 worth of prizes just for signing up!",2022-01-29,2022-01-31,STARTED,21 days left,https://dare2compete.com/hackathon/launchology-vision-launchology-252331
Irada - Innovathon 2022,2022-01-05,2022-02-05,STARTED,20 days left,https://dare2compete.com/hackathon/irada-innovathon-2022-irada-2022-l-d-college-of-engineering-ldce-ahmedabad-252413
 Source Code | Kascade Bihar & Jharkhand | Kshitij,2021-12-29,2022-01-15,STARTED,13 hours left,https://dare2compete.com/hackathon/source-code-kascade-bihar-jharkhand-kshitij-indian-institute-of-technology-iit-kharagpur-251724
K!ode-A-Thon,2022-01-08,2022-01-09,STARTED,34 minutes left,https://dare2compete.com/hackathon/kode-a-thon-college-of-engineering-ceg-guindy-251862
DFrame: The UI/UX Design Hackathon,2021-12-30,2022-01-23,STARTED,1 days left,https://dare2compete.com/hackathon/dframe-the-uiux-design-hackathon-udgam-2022-indian-institute-of-technology-iit-guwahati-251886
CUhackit 2022,2022-01-29,2022-01-30,STARTED,7 days left,https://dare2compete.com/hackathon/cuhackit-2022-college-of-engineering-computing-applied-sciences-clemson-university-251578
Designathon - Build,2022-01-14,2022-01-22,STARTED,5 days left,https://dare2compete.com/hackathon/designathon-build-exun-2021-22-delhi-public-school-r-k-puram-251138
Unreality - Build,2022-01-14,2022-01-22,STARTED,5 days left,https://dare2compete.com/hackathon/unreality-build-exun-2021-22-delhi-public-school-r-k-puram-251131
Hackathon - Build,2022-01-14,2022-01-22,STARTED,5 days left,https://dare2compete.com/hackathon/build-hackathon-exun-2021-22-delhi-public-school-r-k-puram-251139
Productathon - Software Hackathon,2022-01-21,2022-02-24,STARTED,7 days left,https://dare2compete.com/hackathon/productathon-software-hackathon-e-summit-2022-iit-roorkee-indian-institute-of-technology-iit-roorkee-251219
Innovatio-Infinitum,2021-12-27,2022-01-22,STARTED,5 days left,https://dare2compete.com/hackathon/innovatio-infinitum-exun-2021-22-delhi-public-school-r-k-puram-251200
Make-a-thon,2021-12-27,2022-01-22,STARTED,5 days left,https://dare2compete.com/hackathon/make-a-thon-exun-2021-22-delhi-public-school-r-k-puram-251202
S.P.I.T Hackathon,2021-12-25,2022-01-30,STARTED,17 days left,https://dare2compete.com/hackathon/spit-hackathon-oculus-spit-sardar-patel-institute-of-technology-spit-mumbai-250860
ConUHacks VI,2022-01-29,2022-01-30,STARTED,12 days left,https://dare2compete.com/hackathon/conuhacks-vi-concordia-university-montreal-quebec-250541
HackBMU 5.0,2022-02-17,2022-02-20,STARTED,1 month left,https://dare2compete.com/hackathon/hackbmu-50-bml-munjal-university-bmu-gurgaon-250263
Ravikiran Infotech - Web Crawler Hackathon,2021-12-21,2022-01-09,STARTED,2 days left,https://dare2compete.com/hackathon/ravikiran-infotech-web-crawler-hackathon-shaastra-2022-indian-institute-of-technology-iit-madras-250267
India's Largest PuPa Tech Hackathon for Front End Developers Live Project & Internship,2022-01-10,2022-01-25,STARTED,3 days left,https://dare2compete.com/hackathon/indias-largest-pupa-tech-hackathon-for-front-end-developers-live-project-internship-mentorsity-pvt-ltd-250124
Rubix Hackathon 2022,2022-01-18,2022-01-20,STARTED,9 days left,https://dare2compete.com/hackathon/rubix-hackathon-2022-rubix-2022-thadomal-shahani-engineering-college-tsec-mumbai-247909
 AstraZeneca AI Hackathon,2021-12-17,2022-01-10,STARTED,3 days left,https://dare2compete.com/hackathon/astrazeneca-ai-hackathon-shaastra-2022-indian-institute-of-technology-iit-madras-249462
Online Hackathon Festival (OHF) 2022 Nominations,2021-12-21,2022-01-09,STARTED,2 days left,https://dare2compete.com/hackathon/online-hackathon-festival-ohf-2022-nominations-dare2compete-249483
MTX - HackOlympics 2.0,2021-12-20,2022-01-09,STARTED,2 days left,https://dare2compete.com/hackathon/mtx-hackolympics-20-shaastra-2022-indian-institute-of-technology-iit-madras-248600
Encipher,2021-12-15,2022-02-13,STARTED,3 days left,https://dare2compete.com/hackathon/encipher-instabase-246738
December of Algorithms,2021-12-01,2022-01-12,STARTED,5 days left,https://dare2compete.com/hackathon/december-of-algorithms-sri-venkateshwara-college-of-engineering-svce-kancheepuram-chennai-246950
Capture The Flag ,2022-01-15,2022-01-15,STARTED,7 days left,https://dare2compete.com/hackathon/capture-the-flag-shaastra-2022-indian-institute-of-technology-iit-madras-244858
E-Contest,2021-11-22,2022-01-16,STARTED,5 days left,https://dare2compete.com/hackathon/e-contest-shaastra-2022-indian-institute-of-technology-iit-madras-245123
RL Games,2021-11-27,2022-01-14,STARTED,2 days left,https://dare2compete.com/hackathon/rl-games-shaastra-2022-indian-institute-of-technology-iit-madras-244941
Code Creed 3.0 - A Coding Quiz,2021-11-11,2022-01-14,STARTED,5 days left,https://dare2compete.com/hackathon/code-creed-missioned-241137
Code-A-Thon,2019-04-25,2022-12-31,STARTED,11 months left,https://dare2compete.com/hackathon/code-a-thon-dare2compete-82548
Google Code Jam,2022-03-01,2022-04-03,NOT_STARTED,1 month left,https://dare2compete.com/hackathon/google-code-jam-google-10587
